{"cameraMode":{"drawMode":0,"name":"Shaded","section":"Shading Mode"},"sceneLighting":false,"audioPlay":false,"sceneViewState":{"showFog":true,"showMaterialUpdate":true,"showSkybox":true,"showFlares":true,"showImageEffects":true,"showParticleSystems":true},"in2DMode":false,"pivot":{"x":-2.1251134872436525,"y":0.33646512031555178,"z":-1.2431868314743043},"rotation":{"x":0.08074042946100235,"y":-0.8523824214935303,"z":0.13827185332775117,"w":0.4978335201740265},"size":2.1715242862701418,"orthographic":false}