{"cameraMode":{"drawMode":0,"name":"Shaded","section":"Shading Mode"},"sceneLighting":false,"audioPlay":false,"sceneViewState":{"showFog":true,"showMaterialUpdate":true,"showSkybox":false,"showFlares":true,"showImageEffects":true,"showParticleSystems":true},"in2DMode":false,"pivot":{"x":-0.022788047790527345,"y":-0.12399566173553467,"z":0.07325077056884766},"rotation":{"x":-0.30638542771339419,"y":-0.24645578861236573,"z":0.08232910931110382,"w":-0.9158390164375305},"size":5.86146879196167,"orthographic":false}