{"cameraMode":{"drawMode":0,"name":"Shaded","section":"Shading Mode"},"sceneLighting":false,"audioPlay":false,"sceneViewState":{"showFog":true,"showMaterialUpdate":true,"showSkybox":false,"showFlares":true,"showImageEffects":true,"showParticleSystems":true},"in2DMode":false,"pivot":{"x":0.09329986572265625,"y":12.948685646057129,"z":1.3147697448730469},"rotation":{"x":0.012003721669316292,"y":0.970463752746582,"z":-0.23625677824020387,"w":0.04889519885182381},"size":91.51036071777344,"orthographic":false}