{"cameraMode":{"drawMode":0,"name":"Shaded","section":"Shading Mode"},"sceneLighting":false,"audioPlay":false,"sceneViewState":{"showFog":true,"showMaterialUpdate":true,"showSkybox":false,"showFlares":true,"showImageEffects":true,"showParticleSystems":true},"in2DMode":false,"pivot":{"x":730.1556396484375,"y":135.01223754882813,"z":2.9449462890625},"rotation":{"x":-0.006308210082352161,"y":-0.001522381673566997,"z":-0.00010882315109483898,"w":-1.0000483989715577},"size":510.3872375488281,"orthographic":false}