{"cameraMode":{"drawMode":0,"name":"Shaded","section":"Shading Mode"},"sceneLighting":false,"audioPlay":false,"sceneViewState":{"showFog":true,"showMaterialUpdate":true,"showSkybox":false,"showFlares":true,"showImageEffects":true,"showParticleSystems":true},"in2DMode":false,"pivot":{"x":-0.1165776252746582,"y":-0.13433735072612763,"z":-0.024822235107421876},"rotation":{"x":-0.30638542771339419,"y":-0.24645578861236573,"z":0.08232910931110382,"w":-0.9158390164375305},"size":5.828214645385742,"orthographic":false}