{"cameraMode":{"drawMode":0,"name":"Shaded","section":"Shading Mode"},"sceneLighting":false,"audioPlay":false,"sceneViewState":{"showFog":true,"showMaterialUpdate":true,"showSkybox":false,"showFlares":true,"showImageEffects":true,"showParticleSystems":true},"in2DMode":false,"pivot":{"x":0.25344914197921755,"y":0.7771304249763489,"z":-0.06938233971595764},"rotation":{"x":-0.09450390189886093,"y":0.8531889319419861,"z":-0.16612857580184937,"w":-0.4853340685367584},"size":1.490499496459961,"orthographic":false}