{"cameraMode":{"drawMode":0,"name":"Shaded","section":"Shading Mode"},"sceneLighting":false,"audioPlay":false,"sceneViewState":{"showFog":true,"showMaterialUpdate":true,"showSkybox":false,"showFlares":true,"showImageEffects":true,"showParticleSystems":true},"in2DMode":false,"pivot":{"x":418.6785583496094,"y":267.7546081542969,"z":-369.21954345703127},"rotation":{"x":0.014691985212266446,"y":-0.00902254693210125,"z":-0.00017436359485145658,"w":-0.9999209642410278},"size":56.361637115478519,"orthographic":false}