{"cameraMode":{"drawMode":0,"name":"Shaded","section":"Shading Mode"},"sceneLighting":true,"audioPlay":false,"sceneViewState":{"showFog":true,"showMaterialUpdate":true,"showSkybox":true,"showFlares":true,"showImageEffects":true,"showParticleSystems":true},"in2DMode":false,"pivot":{"x":6.0673065185546879,"y":1.3523387908935547,"z":-11.82696533203125},"rotation":{"x":0.1861380785703659,"y":0.6503105163574219,"z":-0.16855081915855409,"w":0.7170783281326294},"size":5.707395553588867,"orthographic":false}