{"cameraMode":{"drawMode":0,"name":"Shaded","section":"Shading Mode"},"sceneLighting":false,"audioPlay":false,"sceneViewState":{"showFog":true,"showMaterialUpdate":true,"showSkybox":false,"showFlares":true,"showImageEffects":true,"showParticleSystems":true},"in2DMode":false,"pivot":{"x":-0.048141419887542728,"y":0.6130725145339966,"z":0.010630607604980469},"rotation":{"x":0.007161913905292749,"y":0.08897864818572998,"z":0.0006429224158637226,"w":-0.9960217475891113},"size":0.7628023028373718,"orthographic":false}