{"cameraMode":{"drawMode":0,"name":"Shaded","section":"Shading Mode"},"sceneLighting":false,"audioPlay":false,"sceneViewState":{"showFog":true,"showMaterialUpdate":true,"showSkybox":false,"showFlares":true,"showImageEffects":true,"showParticleSystems":true},"in2DMode":false,"pivot":{"x":0.02945917844772339,"y":2.7794432640075685,"z":2.26046085357666},"rotation":{"x":0.3940294682979584,"y":0.0350189208984375,"z":-0.015056944452226162,"w":0.9183447360992432},"size":2.7990379333496095,"orthographic":false}