{"cameraMode":{"drawMode":0,"name":"Shaded","section":"Shading Mode"},"sceneLighting":false,"audioPlay":false,"sceneViewState":{"showFog":true,"showMaterialUpdate":true,"showSkybox":false,"showFlares":true,"showImageEffects":true,"showParticleSystems":true},"in2DMode":false,"pivot":{"x":-0.9939721822738648,"y":0.5212579965591431,"z":0.6492311954498291},"rotation":{"x":-0.09450390189886093,"y":0.8531889319419861,"z":-0.16612857580184937,"w":-0.4853340685367584},"size":1.6839618682861329,"orthographic":false}