{"cameraMode":{"drawMode":0,"name":"Shaded","section":"Shading Mode"},"sceneLighting":false,"audioPlay":false,"sceneViewState":{"showFog":true,"showMaterialUpdate":true,"showSkybox":false,"showFlares":true,"showImageEffects":true,"showParticleSystems":true},"in2DMode":false,"pivot":{"x":866.0444946289063,"y":420.03692626953127,"z":-36.813232421875},"rotation":{"x":-0.013807537965476513,"y":0.0044767605140805248,"z":-0.00018004780577030033,"w":-0.9999643564224243},"size":299.4568786621094,"orthographic":false}