{"cameraMode":{"drawMode":0,"name":"Shaded","section":"Shading Mode"},"sceneLighting":false,"audioPlay":false,"sceneViewState":{"showFog":true,"showMaterialUpdate":true,"showSkybox":false,"showFlares":true,"showImageEffects":true,"showParticleSystems":true},"in2DMode":false,"pivot":{"x":-0.09649401903152466,"y":0.21291574835777284,"z":-0.06302273273468018},"rotation":{"x":-0.2754848897457123,"y":0.03856954723596573,"z":-0.011177636682987214,"w":-0.9605478644371033},"size":0.8251647353172302,"orthographic":false}