{"cameraMode":{"drawMode":0,"name":"Shaded","section":"Shading Mode"},"sceneLighting":false,"audioPlay":false,"sceneViewState":{"showFog":true,"showMaterialUpdate":true,"showSkybox":false,"showFlares":true,"showImageEffects":true,"showParticleSystems":true},"in2DMode":false,"pivot":{"x":-0.5147150754928589,"y":0.24203775823116303,"z":0.04097127914428711},"rotation":{"x":0.05814819410443306,"y":0.025126656517386438,"z":0.0013727673795074225,"w":-0.9980701804161072},"size":0.8304251432418823,"orthographic":false}