{"cameraMode":{"drawMode":0,"name":"Shaded","section":"Shading Mode"},"sceneLighting":false,"audioPlay":false,"sceneViewState":{"showFog":true,"showMaterialUpdate":true,"showSkybox":false,"showFlares":true,"showImageEffects":true,"showParticleSystems":true},"in2DMode":false,"pivot":{"x":0.8989375829696655,"y":0.600479006767273,"z":0.024735212326049806},"rotation":{"x":0.12441930174827576,"y":0.8661067485809326,"z":-0.2668071389198303,"w":0.4040463864803314},"size":1.294405221939087,"orthographic":false}