{"cameraMode":{"drawMode":0,"name":"Shaded","section":"Shading Mode"},"sceneLighting":false,"audioPlay":false,"sceneViewState":{"showFog":true,"showMaterialUpdate":true,"showSkybox":false,"showFlares":true,"showImageEffects":true,"showParticleSystems":true},"in2DMode":false,"pivot":{"x":1288.3231201171875,"y":494.2550964355469,"z":-1.24749755859375},"rotation":{"x":-0.031803201884031299,"y":0.005972025450319052,"z":-0.0003083556948695332,"w":-0.9995454549789429},"size":363.878662109375,"orthographic":false}