{"cameraMode":{"drawMode":0,"name":"Shaded","section":"Shading Mode"},"sceneLighting":false,"audioPlay":false,"sceneViewState":{"showFog":true,"showMaterialUpdate":true,"showSkybox":false,"showFlares":true,"showImageEffects":true,"showParticleSystems":true},"in2DMode":false,"pivot":{"x":983.622314453125,"y":343.50103759765627,"z":0.0},"rotation":{"x":0.011690754443407059,"y":-0.01264958642423153,"z":-0.00030487318872474134,"w":-0.9999328255653381},"size":285.157470703125,"orthographic":false}