{"cameraMode":{"drawMode":0,"name":"Shaded","section":"Shading Mode"},"sceneLighting":false,"audioPlay":false,"sceneViewState":{"showFog":true,"showMaterialUpdate":true,"showSkybox":false,"showFlares":true,"showImageEffects":true,"showParticleSystems":true},"in2DMode":false,"pivot":{"x":383.6395263671875,"y":193.65380859375,"z":-654.232177734375},"rotation":{"x":-0.12885095179080964,"y":-0.8205002546310425,"z":0.2035829871892929,"w":-0.5185447335243225},"size":664.9031982421875,"orthographic":false}