{"cameraMode":{"drawMode":0,"name":"Shaded","section":"Shading Mode"},"sceneLighting":false,"audioPlay":true,"sceneViewState":{"showFog":true,"showMaterialUpdate":true,"showSkybox":false,"showFlares":true,"showImageEffects":true,"showParticleSystems":true},"in2DMode":false,"pivot":{"x":4.541275501251221,"y":0.5112159252166748,"z":-0.06586090475320816},"rotation":{"x":-0.2961457669734955,"y":0.6501010656356812,"z":-0.3059092164039612,"w":-0.6293761730194092},"size":2.2628021240234377,"orthographic":false}