{"cameraMode":{"drawMode":0,"name":"Shaded","section":"Shading Mode"},"sceneLighting":false,"audioPlay":false,"sceneViewState":{"showFog":true,"showMaterialUpdate":true,"showSkybox":false,"showFlares":true,"showImageEffects":true,"showParticleSystems":true},"in2DMode":false,"pivot":{"x":0.3324894905090332,"y":3.7221059799194338,"z":-0.40507376194000246},"rotation":{"x":-0.2754848897457123,"y":0.03856954723596573,"z":-0.011177636682987214,"w":-0.9605478644371033},"size":4.28182315826416,"orthographic":false}