{"cameraMode":{"drawMode":0,"name":"Shaded","section":"Shading Mode"},"sceneLighting":false,"audioPlay":false,"sceneViewState":{"showFog":true,"showMaterialUpdate":true,"showSkybox":false,"showFlares":true,"showImageEffects":true,"showParticleSystems":true},"in2DMode":false,"pivot":{"x":0.7197728157043457,"y":3.9457814693450929,"z":0.1656343936920166},"rotation":{"x":-0.2754848897457123,"y":0.03856954723596573,"z":-0.011177636682987214,"w":-0.9605478644371033},"size":5.219917297363281,"orthographic":false}