{"cameraMode":{"drawMode":0,"name":"Shaded","section":"Shading Mode"},"sceneLighting":false,"audioPlay":false,"sceneViewState":{"showFog":true,"showMaterialUpdate":true,"showSkybox":false,"showFlares":true,"showImageEffects":true,"showParticleSystems":true},"in2DMode":false,"pivot":{"x":-2.721405029296875,"y":-1.5725102424621583,"z":0.8128781318664551},"rotation":{"x":-0.14831297099590302,"y":0.7996243834495544,"z":-0.22033211588859559,"w":-0.538690984249115},"size":6.890283584594727,"orthographic":false}