{"cameraMode":{"drawMode":0,"name":"Shaded","section":"Shading Mode"},"sceneLighting":true,"audioPlay":false,"sceneViewState":{"showFog":true,"showMaterialUpdate":false,"showSkybox":true,"showFlares":true,"showImageEffects":true,"showParticleSystems":true},"in2DMode":false,"pivot":{"x":3.5209548473358156,"y":4.306793689727783,"z":-4.169787406921387},"rotation":{"x":0.0058759655803442,"y":0.9367092251777649,"z":-0.3497059941291809,"w":0.015739092603325845},"size":3.9491331577301027,"orthographic":false}