{"cameraMode":{"drawMode":0,"name":"Shaded","section":"Shading Mode"},"sceneLighting":false,"audioPlay":false,"sceneViewState":{"showFog":true,"showMaterialUpdate":false,"showSkybox":false,"showFlares":true,"showImageEffects":true,"showParticleSystems":true},"in2DMode":false,"pivot":{"x":0.06088446080684662,"y":0.021502822637557985,"z":0.01880738139152527},"rotation":{"x":-0.2177230417728424,"y":-0.15385973453521729,"z":0.03477948158979416,"w":-0.9631799459457398},"size":1.759810447692871,"orthographic":false}