{"cameraMode":{"drawMode":0,"name":"Shaded","section":"Shading Mode"},"sceneLighting":false,"audioPlay":false,"sceneViewState":{"showFog":true,"showMaterialUpdate":false,"showSkybox":false,"showFlares":true,"showImageEffects":true,"showParticleSystems":true},"in2DMode":false,"pivot":{"x":-0.4823033809661865,"y":1.1335253715515137,"z":-0.8007354736328125},"rotation":{"x":-0.07907377928495407,"y":-0.9183782935142517,"z":-0.23615413904190064,"w":0.3075111210346222},"size":2.1247448921203615,"orthographic":false}