{"cameraMode":{"drawMode":0,"name":"Shaded","section":"Shading Mode"},"sceneLighting":false,"audioPlay":false,"sceneViewState":{"showFog":true,"showMaterialUpdate":false,"showSkybox":false,"showFlares":true,"showImageEffects":true,"showParticleSystems":true},"in2DMode":false,"pivot":{"x":0.000013921409845352173,"y":0.5800203084945679,"z":-5.513429641723633e-7},"rotation":{"x":-0.21003685891628266,"y":-0.27658072113990786,"z":0.062084443867206576,"w":-0.9356998801231384},"size":0.5939621925354004,"orthographic":false}