{"cameraMode":{"drawMode":0,"name":"Shaded","section":"Shading Mode"},"sceneLighting":false,"audioPlay":false,"sceneViewState":{"showFog":true,"showMaterialUpdate":false,"showSkybox":false,"showFlares":true,"showImageEffects":true,"showParticleSystems":true},"in2DMode":false,"pivot":{"x":725.6056518554688,"y":279.3782043457031,"z":34.53857421875},"rotation":{"x":-0.09462251514196396,"y":-0.030759137123823167,"z":0.002925058826804161,"w":-0.9950335025787354},"size":355.77239990234377,"orthographic":false}