{"cameraMode":{"drawMode":0,"name":"Shaded","section":"Shading Mode"},"sceneLighting":false,"audioPlay":false,"sceneViewState":{"showFog":true,"showMaterialUpdate":false,"showSkybox":false,"showFlares":true,"showImageEffects":true,"showParticleSystems":true},"in2DMode":false,"pivot":{"x":350.2869873046875,"y":260.5082702636719,"z":265.9200439453125},"rotation":{"x":-0.03630220890045166,"y":0.002095454139634967,"z":-0.00007578146323794499,"w":-0.9993404150009155},"size":403.5052795410156,"orthographic":false}