{"cameraMode":{"drawMode":0,"name":"Shaded","section":"Shading Mode"},"sceneLighting":true,"audioPlay":false,"sceneViewState":{"showFog":true,"showMaterialUpdate":false,"showSkybox":true,"showFlares":true,"showImageEffects":true,"showParticleSystems":true},"in2DMode":false,"pivot":{"x":7.37461519241333,"y":-4.397636413574219,"z":-26.37882423400879},"rotation":{"x":-0.22155511379241944,"y":-0.7578949332237244,"z":0.3211580812931061,"w":-0.522847592830658},"size":9.217813491821289,"orthographic":false}