{"cameraMode":{"drawMode":0,"name":"Shaded","section":"Shading Mode"},"sceneLighting":true,"audioPlay":false,"sceneViewState":{"showFog":true,"showMaterialUpdate":false,"showSkybox":true,"showFlares":true,"showImageEffects":true,"showParticleSystems":true},"in2DMode":false,"pivot":{"x":7.619450092315674,"y":-3.8674259185791017,"z":-31.94475746154785},"rotation":{"x":-0.32919207215309145,"y":-0.5058532357215881,"z":0.2170463502407074,"w":-0.7672286033630371},"size":10.368821144104004,"orthographic":false}