{"cameraMode":{"drawMode":0,"name":"Shaded","section":"Shading Mode"},"sceneLighting":true,"audioPlay":false,"sceneViewState":{"showFog":true,"showMaterialUpdate":false,"showSkybox":true,"showFlares":true,"showImageEffects":true,"showParticleSystems":true},"in2DMode":false,"pivot":{"x":7.113395690917969,"y":1.440000057220459,"z":-0.21660441160202027},"rotation":{"x":-0.2378922700881958,"y":-0.6338341236114502,"z":0.21414153277873994,"w":-0.704135537147522},"size":3.269556999206543,"orthographic":false}